date,pre,hum,tem,occ
2019-01-10 11:24:00,95357.56,59.89,26.78,M
2019-01-10 11:24:10,95354.16,60.92,26.9,M
2019-01-10 11:25:00,95359.94,61.18,26.94,M
2019-01-10 11:25:10,95356.12,61.45,27.0,M
2019-01-10 11:25:20,95357.78,63.31,27.09,M
2019-01-10 11:25:30,95359.2,62.5,27.14,M
2019-01-10 11:25:40,95355.11,62.65,27.2,M
2019-01-10 11:25:50,95352.52,63.66,27.27,M
2019-01-10 11:26:00,95350.44,64.44,27.34,M
2019-01-10 11:26:10,95351.04,64.04,27.41,M
2019-01-10 11:26:20,95349.22,62.83,27.46,M
2019-01-10 11:26:30,95361.56,61.96,27.51,M
2019-01-10 11:26:40,95365.03,60.96,27.54,M
2019-01-10 11:26:50,95364.17,60.26,27.58,M
2019-01-10 11:27:00,95364.17,59.95,27.62,M
2019-01-10 11:27:10,95362.62,59.91,27.65,M
2019-01-10 11:27:20,95365.98,59.71,27.67,M
2019-01-10 11:27:30,95363.52,59.7,27.7,M
2019-01-10 11:27:40,95360.3,59.59,27.73,M
2019-01-10 11:27:50,95363.09,59.51,27.76,M
2019-01-10 11:28:00,95360.22,59.47,27.79,M
2019-01-10 11:28:10,95360.1,59.33,27.83,M
2019-01-10 11:28:20,95359.5,58.91,27.84,M
2019-01-10 11:28:30,95359.05,58.74,27.87,M
2019-01-10 11:28:40,95359.13,58.73,27.89,M
2019-01-10 11:28:50,95363.39,58.6,27.91,M
2019-01-10 11:29:00,95359.17,58.47,27.93,M
2019-01-10 11:29:10,95358.69,58.39,27.96,M
2019-01-10 11:29:20,95357.47,58.23,27.97,M
2019-01-10 11:29:30,95354.5,58.26,28.0,M
2019-01-10 11:29:40,95358.27,57.97,28.02,M
2019-01-10 11:29:50,95358.77,58.03,28.02,M
2019-01-10 11:30:00,95357.92,58.09,28.06,M
2019-01-10 11:30:10,95355.87,57.86,28.07,M
2019-01-10 11:30:20,95357.71,57.72,28.06,M
2019-01-10 11:30:30,95357.48,57.73,28.06,M
2019-01-10 11:30:40,95359.17,57.73,28.08,M
2019-01-10 11:30:50,95358.11,57.77,28.11,M
2019-01-10 11:31:00,95359.27,57.67,28.13,M
2019-01-10 11:31:10,95357.42,57.47,28.14,M
2019-01-10 11:31:20,95356.63,57.36,28.16,M
2019-01-10 11:31:30,95359.66,57.37,28.18,M
2019-01-10 11:31:40,95358.48,57.42,28.2,M
2019-01-10 11:31:50,95360.78,57.26,28.22,M
2019-01-10 11:32:00,95358.27,57.48,28.22,M
2019-01-10 11:32:10,95357.78,57.65,28.25,M
2019-01-10 11:32:20,95357.76,57.54,28.26,M
2019-01-10 11:32:30,95360.52,57.41,28.29,M
2019-01-10 11:32:40,95360.79,57.83,28.32,M
2019-01-10 11:32:50,95359.06,57.35,28.33,M
2019-01-10 11:33:00,95360.95,57.17,28.32,M
2019-01-10 11:33:10,95361.51,56.92,28.31,M
2019-01-10 11:33:20,95360.81,56.77,28.31,M
2019-01-10 11:33:30,95363.27,56.76,28.3,M
2019-01-10 11:33:40,95360.52,56.73,28.29,M
2019-01-10 11:33:50,95362.7,56.7,28.3,M
2019-01-10 11:34:00,95361.29,56.66,28.31,M
2019-01-10 11:34:10,95360.25,56.62,28.35,M
2019-01-10 11:34:20,95362.55,56.58,28.36,M
2019-01-10 11:34:30,95364.09,56.59,28.37,M
2019-01-10 11:34:40,95364.73,56.56,28.4,M
2019-01-10 11:34:50,95366.3,56.55,28.41,M
2019-01-10 11:35:00,95364.38,56.5,28.43,M
2019-01-10 11:35:10,95363.09,56.54,28.43,M
2019-01-10 11:35:20,95364.5,56.46,28.44,M
2019-01-10 11:35:30,95364.05,56.47,28.44,M
2019-01-10 11:35:40,95365.5,56.39,28.43,M
2019-01-10 11:35:50,95364.22,56.48,28.44,M
2019-01-10 11:36:00,95366.02,56.62,28.44,M
2019-01-10 11:36:10,95366.06,56.56,28.44,M
2019-01-10 11:36:20,95363.54,56.45,28.43,M
2019-01-10 11:36:30,95364.73,56.48,28.45,M
2019-01-10 11:36:40,95366.3,56.39,28.46,M
2019-01-10 11:36:50,95366.76,56.3,28.47,M
2019-01-10 11:37:00,95365.78,56.16,28.48,M
2019-01-10 11:37:10,95363.09,56.21,28.48,M
2019-01-10 11:37:20,95365.91,56.21,28.5,M
2019-01-10 11:37:30,95364.52,56.19,28.51,M
2019-01-10 11:37:40,95365.28,55.81,28.49,M
2019-01-10 11:37:50,95365.44,55.94,28.48,M
2019-01-10 11:38:00,95365.95,55.75,28.45,M
2019-01-10 11:38:10,95367.42,55.83,28.46,M
2019-01-10 11:38:20,95364.94,55.89,28.49,M
2019-01-10 11:38:30,95365.51,55.95,28.49,M
2019-01-10 11:38:40,95365.22,56.11,28.48,M
2019-01-10 11:38:50,95366.23,56.23,28.49,M
2019-01-10 11:39:00,95368.09,56.3,28.51,M
2019-01-10 11:39:10,95366.03,56.25,28.52,M
2019-01-10 11:39:20,95364.41,56.19,28.52,M
2019-01-10 11:39:30,95364.5,56.01,28.53,M
2019-01-10 11:39:40,95365.23,55.99,28.55,M
2019-01-10 11:39:50,95363.05,55.88,28.54,M
2019-01-10 11:40:00,95366.19,56.0,28.55,M
2019-01-10 11:40:10,95364.91,56.09,28.58,M
2019-01-10 11:40:20,95365.42,56.05,28.58,M
2019-01-10 11:40:30,95366.52,56.04,28.54,M
2019-01-10 11:40:40,95367.35,56.27,28.54,M
2019-01-10 11:40:50,95364.51,56.25,28.56,M
2019-01-10 11:41:00,95362.39,56.1,28.58,M
2019-01-10 11:41:10,95362.45,56.25,28.59,M
2019-01-10 11:41:20,95362.78,56.16,28.59,M
2019-01-10 11:41:30,95362.59,56.1,28.59,M
2019-01-10 11:41:40,95360.32,56.0,28.59,M
2019-01-10 11:41:50,95361.83,56.0,28.59,M
2019-01-10 11:42:00,95361.42,55.92,28.61,M
2019-01-10 11:42:10,95360.07,55.78,28.59,M
2019-01-10 11:42:20,95361.48,55.88,28.56,M
2019-01-10 11:42:30,95359.7,55.91,28.58,M
2019-01-10 11:42:40,95359.15,55.92,28.59,M
2019-01-10 11:42:50,95360.14,56.02,28.61,M
2019-01-10 11:43:00,95360.48,55.99,28.63,M
2019-01-10 11:43:10,95358.64,55.91,28.63,M
2019-01-10 11:43:20,95358.55,55.85,28.65,M
2019-01-10 11:43:30,95356.79,56.09,28.63,M
2019-01-10 11:43:40,95359.52,55.94,28.61,M
2019-01-10 11:43:50,95356.22,56.08,28.61,M
2019-01-10 11:44:00,95358.23,56.06,28.61,M
2019-01-10 11:44:10,95359.18,56.0,28.61,M
2019-01-10 11:44:20,95357.83,56.21,28.59,M
2019-09-18 19:04:00,95006.28,58.69,27.17,M
2019-09-18 19:04:10,95006.4,58.43,27.18,M
2019-09-18 19:04:20,95005.84,59.82,27.06,M
2019-09-18 19:04:30,95009.35,60.66,27.11,M
2019-09-18 19:04:40,95007.39,59.45,27.09,M
2019-09-18 19:04:50,95004.27,59.48,27.05,M
2019-09-18 19:05:00,95007.0,59.27,27.05,M
2019-09-18 19:05:10,95003.25,59.69,26.99,M
2019-09-18 19:05:20,95006.94,60.34,27.04,M
2019-09-18 19:05:30,95002.63,58.95,27.03,M
2019-09-18 19:05:40,95004.92,58.87,27.03,M
2019-09-18 19:05:50,95002.09,58.82,27.05,M
2019-09-18 19:06:00,95002.7,59.17,27.03,M
2019-09-18 19:06:10,95004.7,58.57,27.03,M
2019-09-18 19:06:20,95006.66,57.98,26.98,M
2019-09-18 19:06:30,95005.94,58.11,26.94,M
2019-09-18 19:06:40,95004.32,58.25,26.95,M
2019-09-18 19:06:50,95007.67,58.06,26.94,M
2019-09-18 19:07:00,95006.38,57.94,26.93,M
2019-09-18 19:07:10,95006.05,58.16,26.94,M
2019-09-18 19:07:20,95007.33,58.19,26.94,M
2019-09-18 19:07:30,95006.5,58.38,26.96,M
2019-09-18 19:07:40,95011.86,58.38,26.95,M
2019-09-18 19:07:50,95007.78,58.31,26.95,M
2019-09-18 19:08:00,95006.38,58.23,26.93,M
2019-09-18 19:08:10,95005.53,58.29,26.92,M
2019-09-18 19:08:20,95006.55,58.47,26.9,M
2019-09-18 19:08:30,95007.66,58.21,26.89,M
2019-09-18 19:08:40,95008.45,57.97,26.82,M
2019-09-18 19:08:50,95004.03,58.24,26.81,M
2019-09-18 19:09:00,95005.82,58.45,26.76,M
2019-09-18 19:09:10,95006.55,58.45,26.76,M
2019-09-18 19:09:20,94995.88,58.83,26.76,M
2019-09-18 19:09:30,94993.53,58.75,26.66,M
2019-09-18 19:09:40,94995.61,59.2,26.68,M
2019-09-18 19:09:50,94993.67,61.47,26.84,M
2019-09-18 19:10:00,95002.49,61.06,26.79,M
2019-09-18 19:10:10,95005.61,60.04,26.78,M
2019-09-18 19:10:20,95005.72,59.53,26.77,M
2019-09-18 19:10:30,95006.02,59.56,26.8,M
2019-09-18 19:10:40,95006.95,59.54,26.83,M
2019-09-18 19:10:50,95003.77,58.95,26.83,M
2019-09-18 19:11:00,95004.28,58.5,26.84,M
2019-09-18 19:11:10,95006.19,58.59,26.85,M
2019-09-18 19:11:20,95006.63,58.8,26.85,M
2019-09-18 19:11:30,95004.73,58.79,26.85,M
2019-09-18 19:11:40,95007.97,58.83,26.84,M
2019-09-18 19:11:50,95006.8,58.83,26.85,M
2019-09-18 19:12:00,95008.48,58.77,26.85,M
2019-09-18 19:12:10,95005.23,58.62,26.83,M
2019-09-18 19:12:20,95003.11,58.68,26.83,M
2019-09-18 19:12:30,95009.24,58.48,26.82,M
2019-09-18 19:12:40,95006.05,58.51,26.81,M
2019-09-18 19:12:50,95005.46,58.33,26.8,M
2019-09-18 19:13:00,95003.98,58.51,26.81,M
2019-09-18 19:13:10,95008.17,58.73,26.81,M
2019-09-18 19:13:20,95007.14,58.83,26.8,M
2019-09-18 19:13:30,95011.26,57.94,26.75,M
2019-09-18 19:13:40,95010.69,58.21,26.74,M
2019-09-18 19:13:50,95011.18,58.1,26.72,M
2019-09-18 19:14:00,95008.22,58.19,26.72,M
2019-09-18 19:14:10,95005.95,58.63,26.73,M
2019-09-18 19:14:20,95009.06,58.65,26.72,M
2019-09-18 19:14:30,94997.44,59.35,26.75,M
2019-09-18 19:14:40,94996.39,58.81,26.77,M
2019-09-18 19:14:50,95003.44,59.11,26.78,M
2019-09-18 19:15:00,95010.7,58.69,26.8,M
2019-09-18 19:15:10,95012.65,58.71,26.83,M
2019-09-18 19:15:20,95013.89,58.56,26.84,M
2019-09-18 19:15:30,95010.27,58.4,26.85,M
2019-09-18 19:15:40,95012.88,58.11,26.87,M
2019-09-18 19:15:50,95013.25,58.18,26.9,M
2019-09-18 19:16:00,95011.02,58.09,26.93,M
2019-09-18 19:16:10,95013.36,58.06,26.98,M
2019-09-18 19:16:20,95011.27,57.99,27.02,M
2019-09-18 19:16:30,95010.59,57.82,27.08,M
2019-09-18 19:16:40,95014.48,57.79,27.14,M
2019-09-18 19:16:50,95014.05,57.62,27.18,M
2019-09-18 19:17:00,95014.27,57.61,27.2,M
2019-09-18 19:17:10,95012.86,57.49,27.26,M
2019-09-18 19:17:20,95011.02,57.56,27.31,M
2019-09-18 19:17:30,95011.34,57.28,27.37,M
2019-09-18 19:17:40,95013.75,57.03,27.43,M
2019-09-18 19:17:50,95010.95,56.9,27.48,M
2019-09-18 19:18:00,95011.39,56.82,27.53,M
2019-09-18 19:18:10,95013.38,57.05,27.54,M
2019-09-18 19:18:20,95013.38,57.44,27.62,M
2019-09-18 19:18:30,95014.02,57.22,27.71,M
2019-09-18 19:18:40,95016.52,56.83,27.76,M
2019-09-18 19:18:50,95011.05,56.4,27.78,M
2019-09-18 19:19:00,95015.41,56.38,27.8,M
2019-09-18 19:19:10,95016.63,56.27,27.85,M
2019-09-18 19:19:20,95012.6,56.47,27.86,M
2019-09-18 19:19:30,95013.14,56.43,27.89,M
2019-09-18 19:19:40,95010.3,56.21,27.91,M
2019-09-18 19:19:50,95004.2,56.16,27.92,M
2019-09-18 19:20:00,95002.44,56.18,27.81,M
2019-09-18 19:20:10,95013.9,55.8,27.79,M
2019-09-18 19:20:20,95012.9,56.06,27.8,M
2019-09-18 19:20:30,95013.91,55.85,27.8,M
2019-09-18 19:20:40,95011.58,55.77,27.81,M
2019-09-18 19:20:50,95015.28,55.45,27.83,M
2019-09-18 19:21:00,95015.65,55.82,27.74,M
2019-09-18 19:21:10,95016.33,55.87,27.75,M
2019-09-18 19:21:20,95014.33,55.8,27.81,M
2019-09-18 19:21:30,95016.95,55.56,27.81,M
2019-09-18 19:21:40,95014.52,55.62,27.79,M
2019-09-18 19:21:50,95008.09,55.85,27.72,M
2019-09-18 19:22:00,95014.41,55.9,27.79,M
2019-09-18 19:22:10,95010.34,55.74,27.87,M
2019-09-18 19:22:20,95009.19,55.61,27.84,M
2019-09-18 19:22:30,95012.28,55.69,27.8,M
2019-09-18 19:22:40,95010.89,55.99,27.73,M
2019-09-18 19:22:50,95012.2,55.93,27.81,M
2019-09-18 19:23:00,95012.42,56.03,27.91,M
2019-09-18 19:23:10,95014.63,55.64,27.92,M
2019-09-18 19:23:20,95013.97,55.77,27.95,M
2019-09-18 19:23:30,95014.42,56.19,27.86,M
2019-09-18 19:23:40,95014.24,55.84,27.94,M
2019-09-18 19:23:50,95013.67,55.44,28.0,M
2019-09-18 19:24:00,95010.45,55.29,27.97,M
2019-09-18 19:24:10,95010.2,55.71,28.0,M
2019-09-18 19:24:20,94999.91,56.71,28.01,M
2019-09-18 19:24:30,95000.97,55.94,27.85,M
2019-09-18 19:24:40,94997.99,55.89,27.69,M
2019-09-18 19:24:50,95001.0,55.06,27.65,M
2019-09-23 13:47:00,95210.48,59.5,25.95,M
2019-09-23 13:56:00,95439.91,55.6,28.35,M
2019-09-23 13:57:00,95436.76,55.46,28.37,M
2019-09-23 13:58:00,95441.53,56.08,28.17,M
2019-09-23 13:58:10,95444.09,55.75,28.15,M
2019-09-23 13:58:20,95443.13,56.37,28.2,M
2019-09-23 13:58:30,95444.53,55.52,28.24,M
2019-09-23 13:58:40,95440.28,55.33,28.24,M
2019-09-23 13:58:50,95439.2,56.17,28.23,M
2019-09-23 13:59:00,95440.95,56.57,28.25,M
2019-09-23 13:59:10,95437.42,55.77,28.27,M
2019-09-23 13:59:20,95441.23,55.47,28.28,M
2019-09-23 13:59:30,95441.8,54.72,28.25,M
2019-09-23 13:59:40,95436.27,54.37,28.21,M
2019-09-23 13:59:50,95443.16,54.44,28.17,M
2019-09-23 14:00:00,95443.2,54.72,28.15,M
2019-09-23 14:00:10,95443.95,54.6,28.11,M
2019-09-23 14:00:20,95441.88,54.45,28.07,M
2019-09-23 14:00:30,95442.8,54.56,28.05,M
2019-09-23 14:00:40,95442.45,54.82,27.99,M
2019-09-23 14:00:50,95443.89,55.11,27.95,M
2019-09-23 14:01:00,95440.36,55.16,27.93,M
2019-09-23 14:01:10,95439.46,54.7,27.9,M
2019-09-23 14:01:20,95441.62,54.77,27.88,M
2019-09-23 14:01:30,95440.61,55.1,27.85,M
2019-09-23 14:01:40,95442.67,55.2,27.83,M
2019-09-23 14:01:50,95447.67,55.56,27.77,M
2019-09-23 14:02:00,95442.3,55.71,27.74,M
2019-09-23 14:02:10,95442.0,55.74,27.71,M
2019-09-23 14:02:20,95445.34,55.48,27.71,M
2019-09-23 14:02:30,95445.61,55.44,27.67,M
2019-09-23 14:02:40,95441.86,55.46,27.66,M
2019-09-23 14:02:50,95445.89,55.45,27.66,M
2019-09-23 14:03:00,95446.89,55.33,27.66,M
2019-09-23 14:03:10,95443.75,55.38,27.62,M
2019-09-23 14:03:20,95444.8,55.67,27.62,M
2019-09-23 14:03:30,95440.64,55.58,27.59,M
2019-09-23 14:03:40,95438.92,55.67,27.57,M
2019-09-23 14:03:50,95438.09,55.65,27.58,M
2019-09-23 14:04:00,95438.08,55.6,27.59,M
2019-09-23 14:04:10,95436.13,55.5,27.58,M
2019-09-23 14:04:20,95435.09,55.56,27.55,M
2019-09-23 14:04:30,95434.47,55.24,27.54,M
2019-09-23 14:04:40,95432.85,55.74,27.52,M
2019-09-23 14:04:50,95435.64,56.04,27.52,M
2019-09-23 14:05:00,95434.87,55.96,27.5,M
2019-09-23 14:05:10,95432.16,55.86,27.47,M
2019-09-23 14:05:20,95434.41,55.95,27.48,M
2019-09-23 14:05:30,95429.95,55.97,27.47,M
2019-09-23 14:05:40,95431.56,56.02,27.46,M
2019-09-23 14:05:50,95430.66,56.06,27.46,M
2019-09-23 14:06:00,95426.55,55.97,27.43,M
2019-09-23 14:06:10,95428.95,56.14,27.4,M
2019-09-23 14:06:20,95429.22,56.17,27.39,M
2019-09-23 14:06:30,95429.94,56.43,27.38,M
2019-09-23 14:06:40,95430.88,56.43,27.37,M
2019-09-23 14:06:50,95428.87,56.03,27.36,M
2019-09-23 14:07:00,95426.93,57.21,27.39,M
2019-09-23 14:07:10,95425.2,56.73,27.4,M
2019-09-23 14:07:20,95424.42,56.77,27.33,M
2019-09-23 14:07:30,95424.97,56.85,27.31,M
2019-09-23 14:07:40,95424.97,56.27,27.31,M
2019-09-23 14:07:50,95420.89,56.69,27.32,M
2019-09-23 17:33:00,95230.11,51.07,28.64,H
2019-09-23 17:33:10,95230.09,53.85,28.69,H
2019-09-23 17:35:00,95235.95,52.24,27.91,H
2019-09-23 17:35:10,95235.62,53.11,27.96,H
2019-09-23 17:35:20,95236.11,51.91,27.99,H
2019-09-23 17:35:30,95230.47,51.4,27.91,H
2019-09-23 17:35:40,95232.13,51.44,27.93,H
2019-09-23 17:35:50,95238.55,51.43,27.82,H
2019-09-23 17:36:00,95238.84,51.44,27.77,H
2019-09-23 17:36:10,95241.22,51.78,27.7,H
2019-09-23 17:36:20,95243.23,51.61,27.65,H
2019-09-23 17:36:30,95237.82,51.7,27.63,H
2019-09-23 17:36:40,95240.73,52.01,27.53,H
2019-09-23 17:36:50,95242.94,52.2,27.49,H
2019-09-23 17:37:00,95243.16,52.29,27.44,H
2019-09-23 17:37:10,95240.34,52.36,27.42,H
2019-09-23 17:37:20,95242.08,52.16,27.38,H
2019-09-23 17:37:30,95243.57,52.56,27.3,H
2019-09-23 17:37:40,95242.63,52.83,27.3,H
2019-09-23 17:37:50,95245.86,52.81,27.29,H
2019-09-23 17:38:00,95249.89,52.97,27.29,H
2019-09-23 17:38:10,95242.73,52.83,27.2,H
2019-09-23 17:38:20,95245.03,53.31,27.21,H
2019-09-23 17:38:30,95245.63,53.3,27.16,H
2019-09-23 17:38:40,95243.94,53.29,27.14,H
2019-09-23 17:38:50,95245.58,53.38,27.13,H
2019-09-23 17:39:00,95243.64,53.48,27.09,H
2019-09-23 17:39:10,95242.45,53.67,27.04,H
2019-09-23 17:39:20,95241.69,53.79,26.98,H
2019-09-23 17:39:30,95241.65,53.83,26.99,H
2019-09-23 17:39:40,95240.17,53.89,27.02,H
2019-09-23 17:39:50,95242.03,53.89,26.98,H
2019-09-23 17:40:00,95242.36,54.2,26.95,H
2019-09-23 17:40:10,95243.09,54.17,26.94,H
2019-09-23 17:40:20,95240.2,54.34,26.96,H
2019-09-23 17:40:30,95238.99,54.08,26.92,H
2019-09-23 17:40:40,95242.73,54.21,26.89,H
2019-09-23 17:40:50,95242.45,54.69,26.86,H
2019-09-23 17:41:00,95243.17,54.78,26.89,H
2019-09-23 17:41:10,95244.31,54.67,26.91,H
2019-09-23 17:41:20,95242.67,54.64,26.89,H
2019-09-23 17:41:30,95243.03,55.13,26.91,H
2019-09-23 17:41:40,95243.98,55.01,26.91,H
2019-09-23 17:41:50,95240.17,54.87,26.93,H
2019-09-23 17:42:00,95238.56,54.74,26.94,H
2019-09-23 17:42:10,95238.72,54.66,26.93,H
2019-09-23 17:42:20,95239.95,54.76,26.93,H
2019-09-23 17:42:30,95243.18,54.99,26.92,H
2019-09-23 17:42:40,95239.48,54.68,26.88,H
2019-09-23 17:42:50,95241.32,54.71,26.88,H
2019-09-23 17:43:00,95239.75,54.89,26.87,H
2019-09-23 17:43:10,95235.09,55.11,26.9,H
2019-09-23 17:43:20,95234.59,55.23,26.91,H
2019-09-23 17:43:30,95237.31,54.8,26.88,H
2019-09-23 17:43:40,95236.09,55.02,26.87,H
2019-09-23 17:43:50,95235.47,55.23,26.86,H
2019-09-23 17:44:00,95234.69,55.33,26.87,H
2019-09-23 17:44:10,95232.55,55.25,26.87,H
2019-09-23 17:44:20,95236.55,54.99,26.86,H
2019-09-23 17:44:30,95235.02,55.25,26.84,H
2019-09-23 17:44:40,95234.37,55.28,26.85,H
2019-09-23 17:44:50,95232.08,55.62,26.85,H
2019-09-23 17:45:00,95231.63,55.56,26.85,H
2019-09-23 17:45:10,95234.64,55.18,26.85,H
2019-09-23 17:45:20,95237.09,55.41,26.84,H
2019-09-23 17:45:30,95236.92,55.51,26.84,H
2019-09-23 17:45:40,95232.4,55.43,26.84,H
2019-09-23 17:45:50,95230.5,55.39,26.84,H
2019-09-23 17:46:00,95233.23,55.39,26.84,H
2019-09-23 17:46:10,95232.67,55.66,26.83,H
2019-09-23 17:46:20,95232.96,55.71,26.84,H
2019-09-23 17:46:30,95229.75,55.65,26.82,H
2019-09-23 17:46:40,95232.0,55.63,26.83,H
2019-09-23 17:46:50,95229.64,55.65,26.81,H
2019-09-23 17:47:00,95227.58,55.8,26.82,H
2019-09-23 17:47:10,95231.11,55.98,26.83,H
2019-09-23 17:47:20,95233.62,55.73,26.8,H
2019-09-23 17:47:30,95230.65,55.78,26.8,H
2019-09-23 17:47:40,95232.05,55.9,26.79,H
2019-09-23 17:47:50,95229.43,56.24,26.8,H
2019-09-23 17:48:00,95229.86,56.16,26.78,H
2019-09-23 17:48:10,95229.8,55.95,26.78,H
2019-09-23 17:48:20,95231.04,56.07,26.79,H
2019-09-23 17:48:30,95233.61,56.6,26.79,H
2019-09-23 17:48:40,95232.94,56.68,26.81,H
2019-09-23 17:48:50,95234.33,56.33,26.81,H
2019-09-23 17:49:00,95232.27,56.43,26.81,H
2019-09-23 17:49:10,95225.17,56.25,26.82,H
2019-09-23 17:49:20,95226.69,56.34,26.82,H
2019-09-23 17:49:30,95229.75,56.48,26.82,H
2019-09-23 17:49:40,95236.47,56.24,26.8,H
2019-09-23 17:49:50,95236.28,56.55,26.81,H
2019-09-23 17:50:00,95234.38,56.49,26.81,H
2019-09-23 17:50:10,95235.39,56.57,26.82,H
2019-09-23 17:50:20,95238.18,56.72,26.81,H
2019-09-23 17:50:30,95238.25,56.4,26.8,H
2019-09-23 17:50:40,95238.2,56.53,26.8,H
2019-09-23 17:50:50,95239.86,56.6,26.78,H
2019-09-23 17:51:00,95241.38,56.7,26.8,H
2019-09-23 17:51:10,95240.91,56.69,26.81,H
2019-09-23 17:51:20,95242.81,56.54,26.81,H
2019-09-23 17:51:30,95246.01,56.85,26.82,H
2019-09-23 17:51:40,95246.27,56.85,26.81,H
2019-09-23 17:51:50,95244.94,56.9,26.82,H
2019-09-23 17:52:00,95242.1,56.78,26.82,H
2019-09-23 17:52:10,95245.35,56.67,26.83,H
2019-09-23 17:52:20,95244.74,56.75,26.84,H
2019-09-23 17:52:30,95243.13,56.84,26.85,H
2019-09-23 17:52:40,95241.41,57.09,26.86,H
2019-09-23 17:52:50,95241.62,56.8,26.85,H
2019-09-23 17:53:00,95244.36,56.71,26.84,H
2019-09-23 17:53:10,95244.66,56.56,26.81,H
2019-09-23 17:53:20,95243.83,56.64,26.82,H
2019-09-23 17:53:30,95242.7,56.83,26.81,H
2019-09-23 17:53:40,95238.63,56.94,26.82,H
2019-09-23 17:53:50,95241.48,56.99,26.82,H
2019-09-24 11:42:00,95352.31,57.63,26.99,M
2019-09-24 11:42:10,95352.04,62.33,27.65,M
2019-09-24 11:42:20,95352.2,57.7,27.57,M
2019-09-24 11:42:30,95353.67,56.68,27.33,M
2019-09-24 11:43:00,95352.53,56.88,27.27,M
2019-09-24 11:43:10,95349.67,56.06,27.16,M
2019-09-24 11:43:20,95349.78,58.62,27.15,M
2019-09-24 11:43:30,95349.31,59.79,27.29,M
2019-09-24 11:43:40,95349.62,58.61,27.35,M
2019-09-24 11:43:50,95350.64,59.47,27.4,M
2019-09-24 11:44:00,95362.11,58.83,27.44,M
2019-09-24 11:44:10,95359.32,58.41,27.45,M
2019-09-24 11:44:20,95359.66,58.46,27.48,M
2019-09-24 11:44:30,95358.78,58.12,27.5,M
2019-09-24 11:44:40,95358.21,58.0,27.51,M
2019-09-24 11:44:50,95357.7,57.8,27.5,M
2019-09-24 11:45:00,95358.44,57.81,27.51,M
2019-09-24 11:45:10,95358.61,57.63,27.49,M
2019-09-24 11:45:20,95356.72,57.65,27.5,M
2019-09-24 11:45:30,95355.74,57.58,27.48,M
2019-09-24 11:45:40,95355.14,57.64,27.46,M
2019-09-24 11:45:50,95356.38,57.64,27.46,M
2019-09-24 11:46:00,95355.02,57.67,27.45,M
2019-09-24 11:46:10,95354.86,57.74,27.46,M
2019-09-24 11:46:20,95356.7,57.89,27.46,M
2019-09-24 11:46:30,95353.61,57.59,27.43,M
2019-09-24 11:46:40,95356.84,57.72,27.42,M
2019-09-24 11:46:50,95355.83,57.87,27.42,M
2019-09-24 11:47:00,95356.97,58.02,27.41,M
2019-09-24 11:47:10,95354.34,58.04,27.41,M
2019-09-24 11:47:20,95355.94,58.01,27.36,M
2019-09-24 11:47:30,95351.63,58.2,27.35,M
2019-09-24 11:47:40,95353.67,58.29,27.33,M
2019-09-24 11:47:50,95352.4,58.45,27.34,M
2019-09-24 11:48:00,95352.52,58.5,27.35,M
2019-09-24 11:48:10,95354.65,58.27,27.35,M
2019-09-24 11:48:20,95353.0,58.53,27.3,M
2019-09-24 11:48:30,95356.97,58.35,27.3,M
2019-09-24 11:48:40,95356.08,58.65,27.3,M
2019-09-24 11:48:50,95356.28,58.57,27.31,M
2019-09-24 11:49:00,95357.92,58.47,27.3,M
2019-09-24 11:49:10,95361.58,58.54,27.27,M
2019-09-24 11:49:20,95360.52,58.46,27.25,M
2019-09-24 11:49:30,95359.21,58.51,27.25,M
2019-09-24 11:49:40,95356.88,58.53,27.26,M
2019-09-24 11:49:50,95359.0,58.66,27.26,M
2019-09-24 11:50:00,95356.6,58.82,27.27,M
2019-09-24 11:50:10,95357.72,58.64,27.24,M
2019-09-24 11:50:20,95358.31,58.62,27.22,M
2019-09-24 11:50:30,95356.41,58.54,27.22,M
2019-09-24 11:50:40,95359.36,58.84,27.21,M
2019-09-24 11:50:50,95360.0,58.89,27.23,M
2019-09-24 11:51:00,95361.38,58.8,27.21,M
2019-09-24 11:51:10,95357.42,58.85,27.19,M
2019-09-24 11:51:20,95358.98,58.9,27.22,M
2019-09-24 11:51:30,95360.04,58.92,27.21,M
2019-09-24 11:51:40,95359.31,59.01,27.21,M
2019-09-24 11:51:50,95358.37,59.16,27.19,M
2019-09-24 11:52:00,95364.07,58.83,27.22,M
2019-09-24 11:52:10,95361.05,58.59,27.21,M
2019-09-24 11:52:20,95360.22,59.03,27.22,M
2019-09-24 11:52:30,95359.03,59.22,27.21,M
2019-09-24 11:52:40,95361.67,59.17,27.23,M
2019-09-24 11:52:50,95358.21,59.02,27.23,M
2019-09-24 11:53:00,95358.39,58.6,27.24,M
2019-09-24 11:53:10,95357.09,59.08,27.23,M
2019-09-24 11:53:20,95361.25,58.99,27.24,M
2019-09-24 11:53:30,95359.33,58.92,27.26,M
2019-09-24 11:53:40,95357.85,58.54,27.29,M
2019-09-24 11:53:50,95356.01,58.67,27.29,M
2019-09-24 11:54:00,95357.06,58.91,27.28,M
2019-09-24 11:54:10,95355.66,58.5,27.25,M
2019-09-24 11:54:20,95359.34,58.45,27.23,M
2019-09-24 11:54:30,95355.3,58.66,27.26,M
2019-09-24 11:54:40,95356.09,58.93,27.25,M
2019-09-24 11:54:50,95360.41,59.04,27.24,M
2019-09-24 11:55:00,95359.52,59.21,27.25,M
2019-09-24 11:55:10,95360.39,59.19,27.26,M
2019-09-24 11:55:20,95359.66,59.13,27.26,M
2019-09-24 11:55:30,95360.52,59.02,27.25,M
2019-09-24 11:55:40,95358.73,59.24,27.24,M
2019-09-24 11:55:50,95355.69,59.17,27.25,M
2019-09-24 11:56:00,95359.1,59.18,27.25,M
2019-09-24 11:56:10,95362.8,59.29,27.26,M
2019-09-24 11:56:20,95358.16,59.26,27.26,M
2019-09-24 11:56:30,95361.95,59.2,27.22,M
2019-09-24 11:56:40,95358.25,59.33,27.21,M
2019-09-24 11:56:50,95362.66,59.14,27.2,M
2019-09-24 11:57:00,95361.89,59.19,27.19,M
2019-09-24 11:57:10,95364.52,59.16,27.19,M
2019-09-24 11:57:20,95360.21,59.27,27.19,M
2019-09-24 11:57:30,95358.19,59.19,27.21,M
2019-09-24 11:57:40,95360.02,59.08,27.2,M
2019-09-24 11:57:50,95358.03,59.14,27.19,M
2019-09-24 11:58:00,95360.19,59.19,27.2,M
2019-09-24 11:58:10,95358.3,59.47,27.17,M
2019-09-24 11:58:20,95360.47,59.53,27.17,M
2019-09-24 12:03:00,95343.67,60.96,27.22,M
2019-09-24 12:03:10,95339.77,60.16,27.25,M
2019-09-24 12:03:20,95342.92,60.25,27.31,M
2019-09-24 12:03:30,95343.34,57.62,27.3,M
2019-09-24 12:03:40,95341.38,58.11,27.33,M
2019-09-24 12:04:00,95342.08,59.64,27.39,M
2019-09-24 12:04:10,95344.75,60.71,27.46,M
2019-09-24 12:04:20,95349.27,61.05,27.52,M
2019-09-24 12:04:30,95341.59,62.4,28.6,M
2019-09-24 12:04:40,95341.14,59.72,28.22,M
2019-09-24 12:04:50,95342.89,59.92,28.08,M
2019-09-24 15:56:00,94990.08,59.46,28.49,M
2019-09-24 15:56:10,94994.84,57.26,28.5,M
2019-09-24 15:56:20,94990.62,55.66,28.43,M
2019-09-24 15:56:30,94998.2,56.03,28.39,M
2019-09-24 15:57:00,94995.41,55.99,28.4,M
2019-09-24 15:57:10,94998.43,55.79,28.41,M
2019-09-24 15:57:20,94992.27,55.59,28.4,M
2019-09-24 15:57:30,94998.4,56.04,28.43,M
2019-09-24 15:57:40,94995.05,55.63,28.45,M
2019-09-24 15:57:50,94992.74,55.23,28.46,M
2019-09-24 15:58:00,94993.47,55.11,28.47,M
2019-09-24 15:58:10,94993.84,55.11,28.5,M
2019-09-24 15:58:20,94991.31,54.96,28.51,M
2019-09-24 15:58:30,94990.42,54.87,28.53,M
2019-09-24 15:58:40,94992.41,54.75,28.57,M
2019-09-24 15:58:50,94991.28,54.64,28.57,M
2019-09-24 15:59:00,94993.36,54.54,28.59,M
2019-09-24 15:59:10,94993.09,54.53,28.6,M
2019-09-24 15:59:20,94994.0,54.26,28.61,M
2019-09-24 15:59:30,94990.91,54.3,28.62,M
2019-09-24 15:59:40,94992.95,54.34,28.66,M
2019-09-24 15:59:50,94992.05,54.39,28.69,M
2019-09-24 16:00:00,94992.47,54.4,28.72,M
2019-09-24 16:00:10,94989.05,54.42,28.72,M
2019-09-24 16:00:20,94989.75,54.27,28.75,M
2019-09-24 16:00:30,94989.44,54.29,28.76,M
2019-09-24 16:00:40,94984.02,54.48,28.71,M
2019-09-24 16:00:50,94982.16,54.76,28.57,M
2019-09-24 16:01:00,94995.7,54.48,28.56,M
2019-09-24 16:01:10,94996.77,54.55,28.57,M
2019-09-24 16:01:20,94997.02,54.6,28.62,M
2019-09-24 16:01:30,94996.59,54.41,28.69,M
2019-09-24 16:01:40,94992.36,54.08,28.7,M
2019-09-24 16:01:50,94997.62,53.85,28.72,M
2019-09-24 16:02:00,94995.66,53.77,28.8,M
2019-09-24 16:02:10,94996.38,53.67,28.81,M
2019-09-24 16:02:20,94995.48,53.41,28.8,M
2019-09-24 16:02:30,94993.98,53.15,28.79,M
2019-09-24 16:02:40,94991.81,53.13,28.83,M
2019-09-24 16:02:50,94990.91,53.08,28.85,M
2019-09-24 16:03:00,94992.2,53.22,28.86,M
2019-09-24 16:03:10,94990.64,53.2,28.82,M
2019-09-24 16:03:20,94989.64,53.11,28.74,M
2019-09-24 16:03:30,94987.88,53.07,28.71,M
2019-09-24 16:03:40,94987.02,53.12,28.66,M
2019-09-24 16:03:50,94986.63,53.16,28.66,M
2019-09-24 16:04:00,94987.13,53.36,28.65,M
2019-09-24 16:04:10,94987.45,53.25,28.73,M
2019-09-24 16:04:20,94984.63,52.92,28.77,M
2019-09-24 16:04:30,94982.81,53.18,28.73,M
2019-09-24 16:04:40,94983.97,53.39,28.64,M
2019-09-24 16:04:50,94983.08,53.42,28.63,M
2019-09-24 16:05:00,94986.99,53.79,28.64,M
2019-09-24 16:05:10,94984.22,53.81,28.66,M
2019-09-24 16:05:20,94968.83,54.31,28.58,M
2019-09-24 16:05:30,94975.22,54.47,28.47,M
2019-09-24 16:05:40,94983.14,54.2,28.52,M
2019-09-24 16:05:50,94988.27,54.16,28.54,M
2019-09-24 16:06:00,94988.94,53.92,28.57,M
2019-09-24 16:06:10,94986.21,53.77,28.63,M
2019-09-24 16:06:20,94988.42,53.73,28.68,M
2019-09-24 16:06:30,94987.52,53.73,28.7,M
2019-09-24 16:06:40,94985.05,53.65,28.68,M
2019-09-24 16:06:50,94987.59,53.64,28.7,M
2019-09-24 16:07:00,94988.58,53.62,28.75,M
2019-09-24 16:07:10,94988.23,53.59,28.75,M
2019-09-24 16:07:20,94986.14,53.77,28.77,M
2019-09-24 16:07:30,94982.25,53.58,28.74,M
2019-09-24 16:07:40,94985.22,53.5,28.75,M
2019-09-24 16:07:50,94983.11,53.56,28.78,M
2019-09-24 16:08:00,94985.54,53.41,28.83,M
2019-09-24 16:08:10,94974.78,53.8,28.82,M
2019-09-24 16:08:20,94973.63,53.69,28.65,M
2019-09-24 16:08:30,94976.86,53.34,28.6,M
2019-09-24 16:08:40,94985.77,53.67,28.61,M
2019-09-24 16:08:50,94983.35,53.28,28.64,M
2019-09-24 16:09:00,94983.8,53.29,28.63,M
2019-09-24 16:09:10,94983.52,54.12,28.61,M
2019-09-24 16:09:20,94984.86,53.39,28.64,M
2019-09-24 16:09:30,94980.67,53.05,28.6,M
2019-09-24 16:09:40,94983.08,53.39,28.51,M
2019-09-24 16:09:50,94984.17,53.55,28.53,M
2019-09-24 16:10:00,94981.59,53.46,28.56,M
2019-09-24 16:10:10,94984.06,53.27,28.58,M
2019-09-24 16:10:20,94983.92,53.22,28.59,M
2019-09-24 16:10:30,94980.66,53.27,28.47,M
2019-09-24 16:10:40,94980.42,53.44,28.47,M
2019-09-24 16:10:50,94981.57,53.36,28.53,M
2019-09-24 16:11:00,94981.66,53.2,28.57,M
2019-09-24 16:11:10,94980.76,53.19,28.57,M
2019-09-24 16:11:20,94981.97,53.38,28.51,M
2019-09-24 16:11:30,94979.75,53.46,28.55,M
2019-09-24 16:11:40,94980.08,53.29,28.57,M
2019-09-24 16:11:50,94978.85,53.07,28.58,M
2019-09-24 16:12:00,94976.88,53.13,28.51,M
2019-09-24 16:12:10,94968.81,53.97,28.38,M
2019-09-24 16:12:20,94966.97,54.18,28.16,M
2019-09-24 16:12:30,94975.45,54.17,28.31,M
2019-09-24 16:12:40,94978.86,53.73,28.36,M
2019-09-24 16:12:50,94976.41,53.46,28.35,M
2019-09-24 16:13:00,94976.98,53.3,28.4,M
2019-09-24 16:13:10,94976.34,53.13,28.42,M
2019-09-24 16:13:20,94974.83,52.8,28.46,M
2019-09-24 16:13:30,94974.86,52.7,28.48,M
2019-09-24 16:13:40,94975.02,52.68,28.49,M
2019-09-24 16:13:50,94973.12,52.58,28.52,M
2019-09-24 16:14:00,94973.48,52.44,28.54,M
2019-09-24 16:14:10,94971.72,52.5,28.52,M
2019-09-24 16:14:20,94974.18,52.48,28.51,M
2019-09-24 16:14:30,94977.63,52.49,28.54,M
2019-09-24 16:14:40,94973.53,52.44,28.54,M
2019-09-24 16:14:50,94973.36,52.47,28.57,M
2019-09-24 16:15:00,94973.48,52.4,28.57,M
2019-09-24 16:15:10,94971.52,52.36,28.58,M
2019-09-24 16:15:20,94974.2,52.34,28.57,M
2019-09-24 16:15:30,94972.58,52.37,28.58,M
2019-09-24 16:15:40,94977.03,52.27,28.6,M
2019-09-24 16:15:50,94975.85,52.25,28.62,M
2019-09-24 16:16:00,94975.44,52.22,28.58,M
2019-09-24 16:16:10,94976.98,52.16,28.53,M
2019-09-24 16:16:20,94975.1,52.37,28.56,M
2019-09-24 16:16:30,94974.94,52.23,28.56,M
2019-09-24 16:16:40,94972.8,52.25,28.54,M
2019-09-24 16:16:50,94969.5,52.29,28.55,M
2019-09-24 16:17:00,94960.71,53.51,28.57,M
2019-09-24 19:00:00,94904.39,57.83,28.93,H
2019-09-24 19:00:10,94903.16,58.53,29.02,H
2019-09-24 19:00:20,94908.03,58.98,29.06,H
2019-09-24 19:00:30,94910.28,57.39,29.05,H
2019-09-24 19:01:00,94912.53,57.08,29.04,H
2019-09-24 19:01:10,94907.25,56.85,29.06,H
2019-09-24 19:01:20,94906.13,56.69,29.06,H
2019-09-24 19:01:30,94906.24,56.75,29.07,H
2019-09-24 19:01:40,94909.5,56.72,29.12,H
2019-09-24 19:01:50,94908.04,56.52,29.12,H
2019-09-24 19:02:00,94909.45,56.32,29.16,H
2019-09-24 19:02:10,94908.5,56.38,29.15,H
2019-09-24 19:02:20,94907.87,56.36,29.19,H
2019-09-24 19:02:30,94906.14,56.31,29.22,H
2019-09-24 19:02:40,94905.06,56.27,29.24,H
2019-09-24 19:02:50,94905.97,56.4,29.25,H
2019-09-24 19:03:00,94907.77,56.55,29.23,H
2019-09-24 19:03:10,94905.3,56.47,29.19,H
2019-09-24 19:03:20,94911.02,56.47,29.22,H
2019-09-24 19:03:30,94904.58,56.35,29.27,H
2019-09-24 19:03:40,94909.39,56.5,29.23,H
2019-09-24 19:03:50,94907.16,56.46,29.21,H
2019-09-24 19:04:00,94910.67,56.35,29.24,H
2019-09-24 19:04:10,94908.05,56.05,29.27,H
2019-09-24 19:04:20,94895.09,56.62,29.26,H
2019-09-24 19:04:30,94898.1,57.52,28.88,H
2019-09-24 19:04:40,94900.6,56.77,28.78,H
2019-09-24 19:04:50,94912.27,57.39,28.97,H
2019-09-24 19:05:00,94911.63,56.94,29.11,H
2019-09-24 19:05:10,94909.83,56.13,29.2,H
2019-09-24 19:05:20,94910.75,55.77,29.27,H
2019-09-24 19:05:30,94909.77,55.56,29.33,H
2019-09-24 19:05:40,94909.1,55.39,29.37,H
2019-09-24 19:05:50,94907.9,55.2,29.42,H
2019-09-24 19:06:00,94910.64,55.06,29.47,H
2019-09-24 19:06:10,94912.77,54.94,29.47,H
2019-09-24 19:06:20,94908.25,54.84,29.5,H
2019-09-24 19:06:30,94906.71,54.79,29.53,H
2019-09-24 19:06:40,94906.34,54.64,29.55,H
2019-09-24 19:06:50,94910.37,54.61,29.55,H
2019-09-24 19:07:00,94909.01,54.44,29.58,H
2019-09-24 19:07:10,94909.19,54.49,29.57,H
2019-09-24 19:07:20,94907.11,54.35,29.58,H
2019-09-24 19:07:30,94904.82,54.27,29.6,H
2019-09-24 19:07:40,94905.83,54.28,29.61,H
2019-09-24 19:07:50,94906.44,54.28,29.65,H
2019-09-24 19:08:00,94908.27,54.11,29.68,H
2019-09-24 19:08:10,94905.3,54.05,29.68,H
2019-09-24 19:08:20,94907.77,54.0,29.71,H
2019-09-24 19:08:30,94910.63,53.91,29.74,H
2019-09-24 19:08:40,94909.17,53.83,29.76,H
2019-09-24 19:08:50,94909.55,53.8,29.78,H
2019-09-24 19:09:00,94910.33,53.8,29.8,H
2019-09-24 19:09:10,94910.56,53.75,29.83,H
2019-09-24 19:09:20,94909.09,53.76,29.84,H
2019-09-24 19:09:30,94910.38,53.8,29.84,H
2019-09-24 19:09:40,94910.37,53.85,29.86,H
2019-09-24 19:09:50,94900.5,56.39,29.88,H
2019-09-24 19:10:00,94899.38,57.17,29.88,H
2019-09-24 19:10:10,94899.76,55.66,29.53,H
2019-09-24 19:10:20,94913.24,56.72,29.49,H
2019-09-24 19:10:30,94913.06,56.21,29.5,H
2019-09-24 19:10:40,94911.55,56.11,29.51,H
2019-09-24 19:10:50,94912.39,56.05,29.54,H
2019-09-24 19:11:00,94911.88,56.06,29.58,H
2019-09-24 19:11:10,94912.55,56.28,29.52,H
2019-09-24 19:11:20,94912.89,56.37,29.51,H
2019-09-24 19:11:30,94913.19,56.45,29.43,H
2019-09-24 19:11:40,94914.08,56.32,29.49,H
2019-09-24 19:11:50,94915.37,56.43,29.45,H
2019-09-24 19:12:00,94914.23,56.46,29.42,H
2019-09-24 19:12:10,94904.65,58.18,29.46,H
2019-09-24 19:12:20,94905.91,56.64,29.37,H
2019-09-24 19:12:30,94904.38,56.11,29.34,H
2019-09-24 19:12:40,94915.13,56.46,29.37,H
2019-09-24 19:12:50,94914.45,56.91,29.27,H
2019-09-24 19:13:00,94920.88,57.04,29.25,H
2019-09-24 19:13:10,94916.4,56.84,29.29,H
2019-09-24 19:13:20,94917.27,56.51,29.35,H
2019-09-24 19:13:30,94914.75,56.46,29.33,H
2019-09-24 19:13:40,94916.84,57.1,29.24,H
2019-09-24 19:13:50,94916.29,57.2,29.23,H
2019-09-24 19:14:00,94921.73,56.93,29.27,H
2019-09-24 19:14:10,94918.23,56.47,29.33,H
2019-09-24 19:14:20,94924.52,56.64,29.33,H
2019-09-24 19:14:30,94919.27,56.83,29.27,H
2019-09-24 19:14:40,94921.67,56.86,29.27,H
2019-09-24 19:14:50,94920.82,56.93,29.3,H
2019-09-24 19:15:00,94915.08,56.95,29.35,H
2019-09-24 19:15:10,94914.95,56.96,29.27,H
2019-09-24 19:15:20,94915.22,57.01,29.24,H
2019-09-24 19:15:30,94920.84,57.03,29.26,H
2019-09-24 19:15:40,94922.12,57.22,29.29,H
2019-09-24 19:15:50,94916.78,56.94,29.3,H
2019-09-24 19:16:00,94922.01,56.95,29.23,H
2019-09-24 19:16:10,94923.19,57.27,29.27,H
2019-09-24 19:16:20,94923.73,58.9,29.31,H
2019-09-24 19:16:30,94916.88,58.43,29.33,H
2019-09-24 19:16:40,94922.63,57.46,29.29,H
2019-09-24 19:16:50,94921.95,57.29,29.23,H
2019-09-24 19:17:00,94923.23,57.11,29.23,H
2019-09-24 19:17:10,94919.55,57.03,29.28,H
2019-09-24 19:17:20,94922.13,57.11,29.28,H
2019-09-24 19:17:30,94908.48,57.54,29.2,H
2019-09-24 19:17:40,94908.66,57.22,29.12,H
2019-09-24 19:17:50,94909.45,57.78,29.15,H
2019-09-24 19:18:00,94916.95,59.74,29.24,H
2019-09-24 19:18:10,94919.03,58.27,29.28,H
2019-09-24 19:18:20,94918.05,57.73,29.36,H
2019-09-24 19:18:30,94915.55,56.86,29.37,H
2019-09-24 19:18:40,94917.5,56.82,29.4,H
2019-09-24 19:18:50,94920.02,56.79,29.46,H
2019-09-24 19:19:00,94918.8,56.67,29.49,H
2019-09-24 19:19:10,94916.81,56.34,29.48,H
2019-09-24 19:19:20,94918.17,56.39,29.5,H
2019-09-24 19:19:30,94916.66,56.34,29.54,H
2019-09-24 19:19:40,94919.05,56.56,29.57,H
2019-09-24 19:19:50,94922.14,56.55,29.61,H
2019-09-24 19:20:00,94919.33,56.48,29.68,H
2019-09-24 19:20:10,94921.73,56.5,29.76,H
2019-09-24 19:20:20,94914.61,56.55,29.73,H
2019-09-24 19:20:30,94912.92,55.88,29.69,H
2019-09-24 19:20:40,94910.53,56.39,29.61,H
2019-09-25 12:06:00,95238.48,63.04,27.01,L
2019-09-25 12:07:00,95237.92,62.08,27.04,L
2019-09-25 12:07:10,95237.33,58.43,27.18,L
2019-09-25 12:07:20,95234.58,56.81,27.33,L
2019-09-25 12:07:30,95244.2,57.14,27.42,L
2019-09-25 12:07:40,95245.64,56.75,27.47,L
2019-09-25 12:07:50,95247.06,56.32,27.53,L
2019-09-25 12:08:00,95246.25,56.08,27.57,L
2019-09-25 12:08:10,95244.27,55.72,27.59,L
2019-09-25 12:08:20,95243.0,55.57,27.61,L
2019-09-25 12:08:30,95245.2,55.35,27.63,L
2019-09-25 12:08:40,95245.46,55.24,27.65,L
2019-09-25 12:08:50,95242.28,55.22,27.66,L
2019-09-25 12:09:00,95244.08,55.1,27.66,L
2019-09-25 12:09:10,95243.08,55.01,27.68,L
2019-09-25 12:09:20,95246.31,55.0,27.67,L
2019-09-25 12:09:30,95245.08,54.87,27.66,L
2019-09-25 12:09:40,95245.69,54.78,27.66,L
2019-09-25 12:09:50,95247.03,54.74,27.65,L
2019-09-25 12:10:00,95247.08,54.66,27.65,L
2019-09-25 12:10:10,95247.39,54.77,27.64,L
2019-09-25 12:10:20,95248.28,54.98,27.63,L
2019-09-25 12:10:30,95246.91,54.86,27.65,L
2019-09-25 12:10:40,95244.97,55.12,27.67,L
2019-09-25 12:10:50,95247.5,55.14,27.68,L
2019-09-25 12:11:00,95248.66,55.01,27.67,L
2019-09-25 12:11:10,95249.21,55.13,27.65,L
2019-09-25 12:11:20,95246.05,55.13,27.64,L
2019-09-25 12:11:30,95247.41,55.05,27.64,L
2019-09-25 12:11:40,95245.48,55.06,27.63,L
2019-09-25 12:11:50,95248.7,55.06,27.61,L
2019-09-25 12:12:00,95245.67,55.04,27.59,L
2019-09-25 12:12:10,95243.73,55.02,27.58,L
2019-09-25 12:12:20,95246.45,55.18,27.55,L
2019-09-25 12:12:30,95242.03,55.42,27.54,L
2019-09-25 12:12:40,95242.14,55.45,27.54,L
2019-09-25 12:12:50,95242.14,55.43,27.53,L
2019-09-25 12:13:00,95240.48,55.41,27.52,L
2019-09-25 12:13:10,95238.45,55.44,27.5,L
2019-09-25 12:13:20,95238.67,55.49,27.5,L
2019-09-25 12:13:30,95236.46,55.44,27.5,L
2019-09-25 12:13:40,95238.28,55.46,27.5,L
2019-09-25 12:13:50,95237.28,55.54,27.5,L
2019-09-25 12:14:00,95235.84,55.61,27.5,L
2019-09-25 12:14:10,95240.75,55.55,27.51,L
2019-09-25 12:14:20,95239.31,55.54,27.5,L
2019-09-25 12:14:30,95236.67,55.54,27.48,L
2019-09-25 12:14:40,95235.0,55.55,27.48,L
2019-09-25 12:14:50,95235.27,55.65,27.48,L
2019-09-25 12:15:00,95238.13,55.78,27.51,L
2019-09-25 12:15:10,95237.78,55.94,27.51,L
2019-09-25 12:15:20,95237.73,55.85,27.51,L
2019-09-25 12:15:30,95239.25,55.86,27.52,L
2019-09-25 12:15:40,95235.28,55.94,27.52,L
2019-09-25 12:15:50,95235.52,55.86,27.5,L
2019-09-25 12:16:00,95240.59,55.88,27.49,L
2019-09-25 12:16:10,95240.93,55.84,27.49,L
2019-09-25 12:16:20,95240.42,55.47,27.48,L
2019-09-25 12:16:30,95239.77,55.62,27.46,L
2019-09-25 12:16:40,95239.03,55.72,27.45,L
2019-09-25 12:16:50,95235.22,55.78,27.45,L
2019-09-25 12:17:00,95238.08,55.85,27.45,L
2019-09-25 12:17:10,95239.7,55.94,27.45,L
2019-09-25 12:17:20,95238.36,55.95,27.45,L
2019-09-25 12:17:30,95237.53,55.91,27.46,L
2019-09-25 12:17:40,95241.05,56.03,27.46,L
2019-09-25 12:17:50,95238.81,55.71,27.46,L
2019-09-25 12:18:00,95239.32,55.57,27.47,L
2019-09-25 12:18:10,95240.03,55.57,27.45,L
2019-09-25 12:18:20,95240.59,55.71,27.45,L
2019-09-25 12:18:30,95242.03,55.68,27.44,L
2019-09-25 12:18:40,95241.12,55.68,27.42,L
2019-09-25 12:18:50,95244.25,55.62,27.42,L
2019-09-25 12:19:00,95240.48,55.63,27.41,L
2019-09-25 12:19:10,95239.58,55.51,27.4,L
2019-09-25 12:19:20,95238.11,55.52,27.38,L
2019-09-25 12:19:30,95240.61,55.52,27.37,L
2019-09-25 12:19:40,95242.03,55.39,27.36,L
2019-09-25 12:19:50,95238.05,55.36,27.34,L
2019-09-25 12:20:00,95237.32,55.35,27.34,L
2019-09-25 12:20:10,95240.84,55.4,27.34,L
2019-09-25 12:20:20,95239.55,55.35,27.34,L
2019-09-25 12:20:30,95239.39,55.38,27.35,L
2019-09-25 12:20:40,95237.59,55.43,27.34,L
2019-09-25 12:20:50,95237.37,55.66,27.34,L
2019-09-25 12:21:00,95237.87,55.68,27.34,L
2019-09-25 12:21:10,95238.83,55.72,27.34,L
2019-09-25 12:21:20,95239.55,55.73,27.34,L
2019-09-25 12:21:30,95240.62,55.72,27.34,L
2019-09-25 12:21:40,95242.86,55.69,27.35,L
2019-09-25 12:21:50,95240.62,55.58,27.38,L
2019-09-25 12:22:00,95239.5,55.56,27.37,L
2019-09-25 12:22:10,95237.78,55.55,27.35,L
2019-09-25 12:22:20,95240.9,55.45,27.34,L
2019-09-25 12:22:30,95236.37,55.54,27.34,L
2019-09-25 12:22:40,95237.48,55.61,27.34,L
2019-09-25 12:22:50,95236.64,55.6,27.33,L
2019-09-25 12:23:00,95240.33,55.65,27.33,L
2019-09-25 12:23:10,95237.46,55.55,27.31,L
2019-09-25 12:23:20,95236.45,55.52,27.31,L
2019-09-25 12:23:30,95236.79,55.47,27.31,L
2019-09-25 12:23:40,95236.63,55.46,27.31,L
2019-09-25 12:23:50,95235.56,55.48,27.31,L
2019-09-25 12:24:00,95234.78,55.45,27.31,L
2019-09-25 12:24:10,95236.99,55.78,27.35,L
2019-09-25 12:24:20,95236.65,56.14,27.38,L
2019-09-25 12:24:30,95238.66,55.91,27.37,L
2019-09-25 12:24:40,95233.96,55.55,27.37,L
2019-09-25 12:24:50,95234.31,55.54,27.39,L
2019-09-25 12:25:00,95236.37,55.5,27.37,L
2019-09-25 12:25:10,95236.14,55.61,27.37,L
2019-09-25 12:25:20,95236.71,55.53,27.38,L
2019-09-25 12:25:30,95232.95,55.59,27.37,L
2019-09-25 12:25:40,95230.51,55.42,27.35,L
2019-09-25 12:25:50,95232.58,55.39,27.35,L
2019-09-25 12:26:00,95231.4,55.4,27.35,L
2019-09-25 12:26:10,95229.05,55.45,27.34,L
2019-09-25 12:26:20,95231.28,55.38,27.33,L
2019-09-25 12:26:30,95230.94,55.49,27.33,L
2019-09-25 12:26:40,95230.99,55.48,27.33,L
2019-09-25 12:26:50,95232.56,55.34,27.33,L
2019-09-25 12:27:00,95233.81,55.47,27.36,L
2019-10-02 20:28:00,95175.83,61.08,27.1,L
2019-10-02 20:28:10,95172.36,61.02,27.1,L
2019-10-02 20:28:20,95173.41,60.81,27.08,L
2019-10-02 20:28:30,95171.98,61.04,27.1,L
2019-10-02 20:28:40,95174.34,61.28,27.13,L
2019-10-02 20:29:00,95175.67,61.26,27.15,L
2019-10-02 20:29:10,95172.06,60.89,27.14,L
2019-10-02 20:29:20,95175.13,60.79,27.13,L
2019-10-02 20:29:30,95173.73,60.98,27.14,L
2019-10-02 20:29:40,95173.56,60.79,27.16,L
2019-10-02 20:29:50,95175.7,60.67,27.18,L
2019-10-02 20:30:00,95173.5,60.59,27.12,L
2019-10-02 20:30:10,95175.22,60.71,27.1,L
2019-10-02 20:30:20,95175.23,60.99,27.12,L
2019-10-02 20:30:30,95175.58,60.89,27.13,L
2019-10-02 20:30:40,95176.62,60.76,27.15,L
2019-10-02 20:30:50,95174.18,60.83,27.13,L
2019-10-02 20:31:00,95175.69,60.96,27.13,L
2019-10-02 20:31:10,95175.13,60.88,27.14,L
2019-10-02 20:31:20,95178.42,61.28,27.17,L
2019-10-02 20:31:30,95180.03,60.93,27.16,L
2019-10-02 20:31:40,95178.81,60.6,27.13,L
2019-10-02 20:31:50,95177.25,60.77,27.13,L
2019-10-02 20:32:00,95180.55,60.64,27.13,L
2019-10-02 20:32:10,95176.02,60.48,27.13,L
2019-10-02 20:32:20,95180.77,60.66,27.14,L
2019-10-02 20:32:30,95180.77,60.63,27.12,L
2019-10-02 20:32:40,95179.7,60.6,27.11,L
2019-10-02 20:32:50,95180.38,60.77,27.13,L
2019-10-02 20:33:00,95179.48,60.93,27.16,L
2019-10-02 20:33:10,95177.29,60.52,27.15,L
2019-10-02 20:33:20,95178.52,60.51,27.14,L
2019-10-02 20:33:30,95176.36,60.72,27.13,L
2019-10-02 20:33:40,95179.7,60.72,27.15,L
2019-10-02 20:33:50,95178.86,60.53,27.16,L
2019-10-02 20:34:00,95180.11,60.62,27.14,L
2019-10-02 20:34:10,95178.2,60.81,27.13,L
2019-10-02 20:34:20,95179.69,60.59,27.14,L
2019-10-02 20:34:30,95183.16,60.44,27.15,L
2019-10-02 20:34:40,95180.87,60.49,27.15,L
2019-10-02 20:34:50,95184.22,60.58,27.15,L
2019-10-02 20:35:00,95180.09,60.66,27.16,L
2019-10-02 20:35:10,95180.94,60.55,27.17,L
2019-10-02 20:35:20,95179.98,60.46,27.17,L
2019-10-02 20:35:30,95178.92,60.54,27.16,L
2019-10-02 20:35:40,95179.59,60.4,27.16,L
2019-10-02 20:35:50,95179.14,60.45,27.15,L
2019-10-02 20:36:00,95180.21,60.41,27.16,L
2019-10-02 20:36:10,95181.52,60.31,27.19,L
2019-10-02 20:36:20,95182.85,60.44,27.18,L
2019-10-02 20:36:30,95181.56,60.31,27.19,L
2019-10-02 20:36:40,95182.45,61.48,27.36,L
2019-10-02 20:36:50,95180.42,60.94,27.5,L
2019-10-02 20:37:00,95181.47,59.96,27.47,L
2019-10-02 20:37:10,95182.52,59.86,27.42,L
2019-10-02 20:37:20,95186.69,59.7,27.39,L
2019-10-02 20:37:30,95183.45,59.91,27.35,L
2019-10-02 20:37:40,95185.06,59.75,27.34,L
2019-10-02 20:37:50,95186.36,59.84,27.35,L
2019-10-02 20:38:00,95186.78,59.8,27.32,L
2019-10-02 20:38:10,95185.57,59.84,27.3,L
2019-10-02 20:38:20,95190.92,59.83,27.29,L
2019-10-02 20:38:30,95190.38,59.75,27.29,L
2019-10-02 20:38:40,95194.05,59.74,27.29,L
2019-10-02 20:38:50,95187.17,59.75,27.29,L
2019-10-02 20:39:00,95190.68,59.87,27.26,L
2019-10-02 20:39:10,95190.9,59.68,27.26,L
2019-10-02 20:39:20,95188.61,59.53,27.25,L
2019-10-02 20:39:30,95190.47,59.97,27.25,L
2019-10-02 20:39:40,95188.44,59.9,27.26,L
2019-10-02 20:39:50,95189.75,60.0,27.24,L
2019-10-02 20:40:00,95188.21,59.92,27.25,L
2019-10-02 20:40:10,95191.19,59.77,27.26,L
2019-10-02 20:40:20,95188.77,59.9,27.25,L
2019-10-02 20:40:30,95190.23,59.86,27.27,L
2019-10-02 20:40:40,95190.34,59.89,27.27,L
2019-10-02 20:40:50,95190.19,59.81,27.28,L
2019-10-02 20:41:00,95192.41,59.77,27.27,L
2019-10-02 20:41:10,95189.13,59.66,27.27,L
2019-10-02 20:41:20,95188.35,59.68,27.25,L
2019-10-02 20:41:30,95189.24,59.5,27.24,L
2019-10-02 20:41:40,95191.3,59.48,27.26,L
2019-10-02 20:41:50,95192.53,59.39,27.27,L
2019-10-02 20:42:00,95190.63,59.45,27.27,L
2019-10-02 20:42:10,95193.08,59.41,27.22,L
2019-10-02 20:42:20,95191.34,59.21,27.21,L
2019-10-02 20:42:30,95191.41,59.28,27.22,L
2019-10-02 20:42:40,95188.76,59.57,27.2,L
2019-10-02 20:42:50,95191.9,59.53,27.21,L
2019-10-02 20:43:00,95192.23,59.52,27.21,L
2019-10-02 20:43:10,95193.42,59.4,27.24,L
2019-10-02 20:43:20,95190.63,59.42,27.22,L
2019-10-02 20:43:30,95195.48,59.42,27.23,L
2019-10-02 20:43:40,95195.59,59.58,27.21,L
2019-10-02 20:43:50,95193.48,59.55,27.23,L
2019-10-02 20:44:00,95196.1,59.51,27.27,L
2019-10-02 20:44:10,95195.76,59.51,27.25,L
2019-10-02 20:44:20,95194.3,59.57,27.25,L
2019-10-02 20:44:30,95193.02,59.61,27.26,L
2019-10-02 20:44:40,95198.18,59.35,27.24,L
2019-10-02 20:44:50,95200.78,59.31,27.25,L
2019-10-02 20:45:00,95202.3,59.44,27.23,L
2019-10-02 20:45:10,95198.0,59.45,27.23,L
2019-10-02 20:45:20,95198.67,59.62,27.22,L
2019-10-02 20:45:30,95196.67,59.41,27.25,L
2019-10-02 20:45:40,95195.95,59.26,27.24,L
2019-10-02 20:45:50,95193.2,59.16,27.24,L
2019-10-02 20:46:00,95197.02,59.12,27.25,L
2019-10-02 20:46:10,95194.3,59.24,27.25,L
2019-10-02 20:46:20,95196.95,59.09,27.28,L
2019-10-02 20:46:30,95198.19,59.2,27.25,L
2019-10-02 20:46:40,95196.23,58.98,27.25,L
2019-10-02 20:46:50,95200.47,59.08,27.24,L
2019-10-02 20:47:00,95200.78,59.1,27.25,L
2019-10-02 20:47:10,95201.75,59.0,27.27,L
2019-10-02 20:47:20,95202.02,58.97,27.25,L
2019-10-02 20:47:30,95204.66,58.98,27.24,L
2019-10-02 20:47:40,95200.58,59.15,27.23,L
2019-10-02 20:47:50,95199.45,59.09,27.26,L
2019-10-02 20:48:00,95197.73,59.13,27.27,L
2019-10-02 20:48:10,95202.58,59.16,27.26,L
2019-10-02 20:48:20,95198.91,59.19,27.27,L
2019-10-02 20:48:30,95196.84,58.89,27.25,L
2019-10-02 20:48:40,95187.5,59.11,27.31,L
2019-10-02 20:48:50,95190.77,58.89,27.2,L
